<?xml version="1.0" encoding="UTF-8"?>
<metadata xml:lang="en"><Esri><CreaDate>20160310</CreaDate><CreaTime>09520900</CreaTime><ArcGISFormat>1.0</ArcGISFormat><SyncOnce>TRUE</SyncOnce><DataProperties><lineage><Process Name="Delete Field (13)" ToolSource="c:\program files (x86)\arcgis\desktop10.2\ArcToolbox\Toolboxes\Data Management Tools.tbx\DeleteField" Date="20160310" Time="095209">DeleteField "\\Onelondon.tfl.local\Shared\5026d\Air Quality Strategy\LAEI\LAEI 2013\GIS\SHP\LAEI2013_RoadTransport\AADTVKm\LAEI2013_AADTVKm_2013_link.shp" OBJECTID_1;OBJECTID_2;LA_CH_DATE;LA_CH_REAS;PROC_DATE;canyon;multiplier;LAEI_Flag;MissingSpe;Shape_Le_1;loc_missin;ErgLocatio;ERG;Loca;LcaDetails;trafficTab;AdjustedLe;FlagInters;Shape_Le_2;FlagInte_1;TOID_1;Length_m</Process><Process Name="Delete Field (3)" ToolSource="c:\program files (x86)\arcgis\desktop10.2\ArcToolbox\Toolboxes\Data Management Tools.tbx\DeleteField" Date="20160310" Time="105624">DeleteField LAEI2013_AADTVKm_2013_link LEGEND;PRIMARY_;TRUNK</Process></lineage></DataProperties></Esri></metadata>
