<?xml version="1.0" encoding="UTF-8"?>
<HelpBrowser version="1.0">
   <SearchHistory>
      <SearchString>cell</SearchString>
      <SearchString>create string</SearchString>
      <SearchString>colormap</SearchString>
      <SearchString>class image</SearchString>
      <SearchString>axis image</SearchString>
      <SearchString>axis iamge</SearchString>
      <SearchString>concatenate</SearchString>
      <SearchString>movefile</SearchString>
      <SearchString>delete file</SearchString>
      <SearchString>remove file</SearchString>
      <SearchString>remove</SearchString>
      <SearchString>zip</SearchString>
      <SearchString>axes</SearchString>
      <SearchString>plotaspectratio</SearchString>
      <SearchString>uicontrol</SearchString>
      <SearchString>pushbutton</SearchString>
      <SearchString>guide</SearchString>
      <SearchString>save</SearchString>
      <SearchString>ls</SearchString>
      <SearchString>mcc</SearchString>
      <SearchString>move</SearchString>
      <SearchString>remove filemove</SearchString>
      <SearchString>colormap jet</SearchString>
      <SearchString>ylabel</SearchString>
      <SearchString>verticalalignment</SearchString>
      <SearchString>try</SearchString>
      <SearchString>xlswrite</SearchString>
      <SearchString>save figure</SearchString>
      <SearchString>saveoutput</SearchString>
      <SearchString>variable</SearchString>
      <SearchString>name</SearchString>
      <SearchString>array</SearchString>
      <SearchString>flip</SearchString>
      <SearchString>root</SearchString>
      <SearchString>drive</SearchString>
      <SearchString>exe</SearchString>
      <SearchString>axis square</SearchString>
      <SearchString>plotyy</SearchString>
      <SearchString>markersize</SearchString>
      <SearchString>files in folder</SearchString>
      <SearchString>copy folders</SearchString>
      <SearchString>copyfolder</SearchString>
      <SearchString>copy folder</SearchString>
      <SearchString>copy</SearchString>
      <SearchString>plot</SearchString>
      <SearchString>plot3</SearchString>
      <SearchString>las</SearchString>
      <SearchString>lidar</SearchString>
      <SearchString>row</SearchString>
      <SearchString>matrix</SearchString>
      <SearchString>Arc ASCII Grid</SearchString>
      <SearchString>esri</SearchString>
      <SearchString>figure</SearchString>
      <SearchString>mapping</SearchString>
      <SearchString>polar</SearchString>
      <SearchString>polar2</SearchString>
      <SearchString>map</SearchString>
      <SearchString>ordfilt2</SearchString>
      <SearchString>ordfilt</SearchString>
      <SearchString>linear</SearchString>
      <SearchString>imfill</SearchString>
      <SearchString>fill</SearchString>
      <SearchString>fillvalue</SearchString>
      <SearchString>medianouter</SearchString>
      <SearchString>medianfilter</SearchString>
      <SearchString>medianfilter2d</SearchString>
      <SearchString>local max</SearchString>
      <SearchString>bwdist</SearchString>
      <SearchString>distance</SearchString>
      <SearchString>allocate</SearchString>
      <SearchString>bold</SearchString>
      <SearchString>set</SearchString>
      <SearchString>gca</SearchString>
      <SearchString>image</SearchString>
      <SearchString>interpolation</SearchString>
      <SearchString>text properties</SearchString>
      <SearchString>textproperties</SearchString>
      <SearchString>defaulttextunits</SearchString>
      <SearchString>plot line on image</SearchString>
      <SearchString>plot line on imagesc</SearchString>
      <SearchString>handlevisibility</SearchString>
      <SearchString>export image</SearchString>
      <SearchString>split string</SearchString>
      <SearchString>comma separated</SearchString>
      <SearchString>separate text</SearchString>
      <SearchString>text</SearchString>
      <SearchString>label</SearchString>
      <SearchString>abs</SearchString>
      <SearchString>max</SearchString>
      <SearchString>range</SearchString>
      <SearchString>mean</SearchString>
      <SearchString>folder</SearchString>
      <SearchString>fullfolder</SearchString>
      <SearchString>fullfile</SearchString>
      <SearchString>plotting</SearchString>
      <SearchString>gradient</SearchString>
      <SearchString>gradientm</SearchString>
      <SearchString>extract</SearchString>
      <SearchString>ginput</SearchString>
      <SearchString>line</SearchString>
      <SearchString>not</SearchString>
      <SearchString>round</SearchString>
      <SearchString>gradients</SearchString>
      <SearchString>fit</SearchString>
      <SearchString>line fit</SearchString>
      <SearchString>datenum</SearchString>
      <SearchString>daynum</SearchString>
      <SearchString>day</SearchString>
      <SearchString>julian</SearchString>
      <SearchString>kernel</SearchString>
      <SearchString>kern</SearchString>
      <SearchString>edge</SearchString>
      <SearchString>filter</SearchString>
      <SearchString>imfilter</SearchString>
      <SearchString>localmax</SearchString>
      <SearchString>maxfilt</SearchString>
      <SearchString>max filt</SearchString>
      <SearchString>filter4</SearchString>
      <SearchString>distance allocation</SearchString>
      <SearchString>stop loop</SearchString>
      <SearchString>mouse</SearchString>
      <SearchString>key</SearchString>
      <SearchString>move file</SearchString>
      <SearchString>filetype</SearchString>
      <SearchString>dir</SearchString>
   </SearchHistory>
</HelpBrowser>