<?xml version="1.0" encoding="UTF-8"?>
<Editor version="1.0">
   <File absPath="M:\KCL\LindbergLoridan_Shadowcomparison" lastWrittenTime="1358250698295" name="SunRatiosPlotting_20121116.m">
      <CodeFolds version="1.0"/>
   </File>
   <File absPath="M:\SOLWEIG\Berkely\LidarProcessing" lastWrittenTime="1358432511519" name="VegetationMapping_MainFile_montego.m">
      <CodeFolds version="1.0"/>
   </File>
   <File absPath="M:\SOLWEIG\Lindbergetal_SpatialTmrt\Output" lastWrittenTime="1358757609412" name="PlotofComponents14pm.m">
      <CodeFolds version="1.0"/>
   </File>
   <File absPath="M:\SOLWEIG\Lindbergetal_SpatialTmrt" lastWrittenTime="1359010705024" name="PlottingTmrt_STKLUL_20121128.m">
      <CodeFolds version="1.0"/>
   </File>
   <File absPath="C:\Users\Fredrik Lindberg\Dropbox\LUCY_2013a" lastWrittenTime="1359214977842" name="populatecountrygrid.m">
      <CodeFolds version="1.0"/>
   </File>
   <File absPath="M:\SOLWEIG\Berkely\LidarProcessing\M_files" lastWrittenTime="1359535262984" name="VegetationMapping_MainFile_montego.m">
      <CodeFolds version="1.0"/>
   </File>
   <File absPath="M:\SOLWEIG\Berkely\LidarProcessing\M_files" lastWrittenTime="1359535264296" name="CanopyModelFiltering.m">
      <CodeFolds version="1.0"/>
   </File>
   <File absPath="C:\Users\Fredrik Lindberg\Dropbox\LUCY_2013a" lastWrittenTime="1359634169013" name="RunLucyWithoutGUI_20130130_london.m">
      <CodeFolds version="1.0"/>
   </File>
   <File absPath="C:\Users\Fredrik Lindberg\Dropbox\KCL_LUCY\MatlabScalePlot" lastWrittenTime="1359641493555" name="qfAvLUCY_v2.m">
      <CodeFolds version="1.0"/>
   </File>
   <File absPath="C:\Users\Fredrik Lindberg\Dropbox\KCL_LUCY\MatlabScalePlot" lastWrittenTime="1359641495626" name="GetLUCY_into_order_v2.m">
      <CodeFolds version="1.0"/>
   </File>
   <File absPath="M:\UrbanNet\Stockholm" lastWrittenTime="1360088803676" name="PlottingStockholmdata.m">
      <CodeFolds version="1.0"/>
   </File>
   <File absPath="M:\SOLWEIG\Lindbergetal_SpatialTmrt" lastWrittenTime="1360236752680" name="boxplotsSpatialTmrt20120626.m">
      <CodeFolds version="1.0"/>
   </File>
   <File absPath="M:\SOLWEIG\Lindbergetal_SpatialTmrt" lastWrittenTime="1360236912737" name="PlottingTmrt_20121025.m">
      <CodeFolds version="1.0"/>
   </File>
   <File absPath="M:\SOLWEIG\Lindbergetal_SpatialTmrt" lastWrittenTime="1360236920173" name="PlottingTmrt.m">
      <CodeFolds version="1.0"/>
   </File>
   <File absPath="M:\SOLWEIG\Lindbergetal_SpatialTmrt" lastWrittenTime="1360330611969" name="PlottingClimatedata.m">
      <CodeFolds version="1.0"/>
   </File>
   <File absPath="M:\SOLWEIG\SOLWEIG_mfiles\SOLWEIG2013a" lastWrittenTime="1360413882313" name="Solweig_10_loadsvf.m">
      <CodeFolds version="1.0"/>
   </File>
   <File absPath="M:\SOLWEIG\SOLWEIG_mfiles\SOLWIEG_GUI" lastWrittenTime="1360587068703" name="dsm.m">
      <CodeFolds version="1.0"/>
   </File>
   <File absPath="M:\SOLWEIG\SOLWEIG_mfiles\SOLWEIG2013a" lastWrittenTime="1360615720848" name="Solweig_20_loadsvfveg.m">
      <CodeFolds version="1.0"/>
   </File>
   <File absPath="M:\SOLWEIG\SOLWEIG_mfiles\SOLWIEG_GUI" lastWrittenTime="1360743918429" name="GUI_31.m">
      <CodeFolds version="1.0"/>
   </File>
   <File absPath="M:\SOLWEIG\SOLWEIG_mfiles\SOLWEIG2013a" lastWrittenTime="1360750076915" name="Solweig_2013a_svf.m">
      <CodeFolds version="1.0"/>
   </File>
   <File absPath="C:\Users\Fredrik Lindberg\Dropbox\LUCY_2013a" lastWrittenTime="1360852544473" name="TemperatureWeighting_v6.m">
      <CodeFolds version="1.0"/>
   </File>
   <File absPath="C:\Users\Fredrik Lindberg\Dropbox\LUCY_2013a" lastWrittenTime="1360852547815" name="RunLucyWithoutGUI_20120614.m">
      <CodeFolds version="1.0"/>
   </File>
   <File absPath="M:\SOLWEIG\SOLWEIG_mfiles\SOLWEIG2013a" lastWrittenTime="1361020044440" name="Solweig_vegetation_create.m">
      <CodeFolds version="1.0"/>
   </File>
   <File absPath="M:\SOLWEIG\SOLWEIG_mfiles\SOLWEIG2013a" lastWrittenTime="1361020048101" name="Removetree_GUI.m">
      <CodeFolds version="1.0"/>
   </File>
   <File absPath="M:\SOLWEIG\SOLWEIG_mfiles\SOLWIEG_GUI" lastWrittenTime="1361020052245" name="NewLocation.m">
      <CodeFolds version="1.0"/>
   </File>
   <File absPath="M:\SOLWEIG\SOLWEIG_mfiles\SOLWEIG2013a" lastWrittenTime="1361045060711" name="menu.m">
      <CodeFolds version="1.0"/>
   </File>
   <File absPath="M:\SOLWEIG\SOLWEIG_mfiles\SOLWEIG2013a" lastWrittenTime="1361092428775" name="Skyviewfactor4d.m">
      <CodeFolds version="1.0"/>
   </File>
   <File absPath="M:\SOLWEIG\SOLWEIG_mfiles\SOLWIEG_GUI" lastWrittenTime="1361112564253" name="OutputSettings.m">
      <CodeFolds version="1.0"/>
   </File>
   <File absPath="M:\SOLWEIG\SOLWEIG_mfiles\SOLWIEG_GUI" lastWrittenTime="1361198260259" name="LoadMeteorology.m">
      <CodeFolds version="1.0"/>
   </File>
   <File absPath="M:\SOLWEIG\SOLWEIG_mfiles\SOLWIEG_GUI" lastWrittenTime="1361198263589" name="CreateEditVegetation.m">
      <CodeFolds version="1.0"/>
   </File>
   <File absPath="F:\SOLWEIG_ModelRuns\Analysis" lastWrittenTime="1361307558805" name="tmrtbar.m">
      <CodeFolds version="1.0"/>
   </File>
   <File absPath="F:\SOLWEIG_ModelRuns\Analysis" lastWrittenTime="1361345289349" name="AnalysisSpatialTmrt_UNET_brplots_20130218.m">
      <CodeFolds version="1.0"/>
   </File>
   <File absPath="M:\SOLWEIG\SOLWEIG_mfiles\SOLWIEG_GUI" lastWrittenTime="1362168954350" name="DigitalSurfaceModels.m">
      <CodeFolds version="1.0"/>
   </File>
   <File absPath="M:\SOLWEIG\SOLWEIG_mfiles\SOLWIEG_GUI" lastWrittenTime="1362170298401" name="LoadCreateSVFs.m">
      <CodeFolds version="1.0"/>
   </File>
   <File absPath="M:\SOLWEIG\SOLWEIG_mfiles\SOLWIEG_GUI" lastWrittenTime="1362170299977" name="LoadVegetationGrids.m">
      <CodeFolds version="1.0"/>
   </File>
   <File absPath="M:\SOLWEIG\SOLWEIG_mfiles\SOLWIEG_GUI" lastWrittenTime="1362387654802" name="SOLWEIG.m">
      <CodeFolds version="1.0"/>
   </File>
   <File absPath="C:\Users\Fredrik Lindberg\Dropbox\LUCY_2013a" lastWrittenTime="1362562400864" name="LUCY_2013a_core.m">
      <CodeFolds version="1.0"/>
   </File>
   <File absPath="C:\Users\Fredrik Lindberg\Dropbox\LUCY_2013a" lastWrittenTime="1362566482133" name="LUCY_datasummary_v2.m">
      <CodeFolds version="1.0"/>
   </File>
   <File absPath="M:\KCL\AllenGrimmondLindberg\MCR\Version4" lastWrittenTime="1362568398413" name="LUCY_4_core.m">
      <CodeFolds version="1.0"/>
   </File>
   <File absPath="M:\KCL\AllenGrimmondLindberg\MCR" lastWrittenTime="1362568399758" name="exportGWP.m">
      <CodeFolds version="1.0"/>
   </File>
   <File absPath="M:\KCL\AllenGrimmondLindberg\MCR" lastWrittenTime="1362569085615" name="AHF_model_ExportImport_MCR_v2013a.m">
      <CodeFolds version="1.0"/>
   </File>
   <File absPath="M:\KCL\AllenGrimmondLindberg\MCR" lastWrittenTime="1362570943202" name="mat2ascGUI.m">
      <CodeFolds version="1.0"/>
   </File>
   <File absPath="M:\SOLWEIG\SOLWEIG_mfiles\SOLWEIG2013a" lastWrittenTime="1362670725902" name="diffusefraction.m">
      <CodeFolds version="1.0"/>
   </File>
   <File absPath="M:\LongHolmer\SOLWEIG_Point" lastWrittenTime="1362670726954" name="TmrtPET_calculator_solweigpoint.m">
      <CodeFolds version="1.0"/>
   </File>
   <File absPath="M:\LongHolmer\SOLWEIG_Point" lastWrittenTime="1362726494660" name="MainGUI_SOLWIEGPoint.m">
      <CodeFolds version="1.0"/>
   </File>
   <File absPath="C:\Users\Fredrik Lindberg\Dropbox\LUCY_2013a" lastWrittenTime="1362832951213" name="LUCY_GUI.m">
      <CodeFolds version="1.0"/>
   </File>
   <File absPath="C:\Users\Fredrik Lindberg\Dropbox\LUCY_2013a" lastWrittenTime="1362832951222" name="mat2ascGUI.m">
      <CodeFolds version="1.0"/>
   </File>
   <File absPath="C:\Users\Fredrik Lindberg\Dropbox\LUCY_2013a" lastWrittenTime="1362832951234" name="exportGRUMP.m">
      <CodeFolds version="1.0"/>
   </File>
   <File absPath="C:\Users\Fredrik Lindberg\Dropbox\LUCY_2013a" lastWrittenTime="1362832951274" name="exportGWP.m">
      <CodeFolds version="1.0"/>
   </File>
   <File absPath="C:\Users\Fredrik Lindberg\Dropbox\LUCY_2013a" lastWrittenTime="1362832951282" name="ImportWillmot_v4.m">
      <CodeFolds version="1.0"/>
   </File>
</Editor>